Tipo di attività,Data,Preferita,Titolo,Distanza,Calorie,Tempo,FC Media,FC max,TE attività aerobica,Cadenza pedalata media,Cadenza pedalata max,Velocità media,Velocità max,Ascesa totale,Discesa totale,Lunghezza media passo,Rapporto verticale medio,Oscillazione verticale media,Tempo medio di contatto con il suolo,Media bilanciamento TCS,Tempo riposo,Training Stress Score®,Potenza media,Potenza max,Grit,Flow,Totale bracciate,Swolf medio,Frequenza media vogate,Ripetizioni totali,Serie totali,Tempo di immersione,Temperatura min,Intervallo di superficie,Decompressione,Tempo Lap migliore,Numero di Lap,Temperatura max,Frequenza respiratoria media,Frequenza respiratoria minima,Frequenza respiratoria massima,Tempo in movimento,Tempo trascorso,Quota minima,Quota massima
Cardio,2023-03-07 20:28:14,false,"Cardio","0.00","307","01:01:20","87","122","0.4","--","--","--","--","--","--","0.00","0.0","0.0","0","--","--","0.0","0","0","0.0","0.0","--","0","0","0","--","0:00","30.0","0:00","No","01:01:20.34.1","1","32.0","22","17","32","00:00:00","01:01:20","--","--"
Ellittica,2023-03-07 19:48:57,false,"Ellittica","5.87","207","00:35:05","92","100","0.6","110","146","10.0","--","--","--","0.00","0.0","0.0","0","--","--","0.0","0","0","0.0","0.0","--","0","0","0","--","0:00","25.0","0:00","No","35:04.96.6","1","30.0","27","17","36","00:00:00","00:35:05","--","--"
Trail Running,2023-03-07 15:40:34,false,"Castel Mella Trail Running","12.85","890","01:08:48","130","142","3.5","167","179","5:21","4:38","38","40","1.12","9.0","10.3","271","50.0% S / 50.0% D","--","0.0","0","0","0.0","0.0","--","0","0","0","--","0:00","18.0","0:00","No","04:29.05.2","13","28.0","36","24","41","01:08:37","01:08:48","106","134"
Trail Running,2023-03-05 11:54:02,false,"Castel Mella Trail Running","30.09","2,016","02:23:35","140","156","5.0","173","181","4:46","4:06","92","89","1.21","8.4","10.4","258","50.8% S / 49.2% D","--","0.0","0","0","0.0","0.0","--","0","0","0","--","0:00","19.0","0:00","No","00:21.76.7","31","27.0","35","26","45","02:23:24","02:23:35","95","135"
Corsa su tapis roulant,2023-03-04 09:20:15,false,"Corsa su tapis roulant","6.67","501","01:05:05","111","125","2.1","117","169","9:46","5:10","--","--","0.87","9.7","8.7","498","49.4% S / 50.6% D","--","0.0","0","0","0.0","0.0","--","0","0","0","--","0:00","28.0","0:00","No","02:36.90.1","5","30.0","25","13","32","01:04:57","01:05:05","--","--"
Ellittica,2023-03-04 08:05:03,false,"Ellittica","13.05","656","01:05:24","121","131","2.5","133","163","12.0","--","--","--","0.00","0.0","0.0","0","--","--","0.0","0","0","0.0","0.0","--","0","0","0","--","0:00","27.0","0:00","No","01:05:23.94.3","1","31.0","29","18","36","00:00:00","01:05:24","--","--"
Trail Running,2023-03-03 19:35:12,false,"Castel Mella Trail Running","12.02","832","00:59:48","136","155","4.0","170","178","4:58","4:01","17","14","1.18","8.6","10.4","260","49.6% S / 50.4% D","--","0.0","0","0","0.0","0.0","--","0","0","0","--","0:00","13.0","0:00","No","00:04.19.1","13","22.0","34","19","44","00:59:43","00:59:48","105","112"
Ciclismo indoor,2023-03-02 21:10:48,false,"Ciclismo indoor","15.00","259","00:41:01","97","107","0.8","--","--","21.9","--","--","--","0.00","0.0","0.0","0","--","--","0.0","0","0","0.0","0.0","--","0","0","0","--","0:00","30.0","0:00","No","41:01.17","1","33.0","27","19","38","00:00:00","00:41:01","--","--"
Cardio,2023-03-02 19:49:22,false,"Cardio","0.00","372","01:20:14","82","128","0.4","--","--","--","--","--","--","0.00","0.0","0.0","0","--","--","0.0","0","0","0.0","0.0","--","0","0","0","--","0:00","24.0","0:00","No","01:20:14.32.1","1","32.0","22","12","32","00:00:00","01:20:14","--","--"
Ellittica,2023-03-02 18:14:25,false,"Ellittica","12.98","583","01:00:45","117","129","2.3","126","173","12.8","--","--","--","0.00","0.0","0.0","0","--","--","0.0","0","0","0.0","0.0","--","0","0","0","--","0:00","28.0","0:00","No","01:00:44.91.6","1","30.0","32","21","40","00:00:00","01:00:45","--","--"
Trail Running,2023-03-01 12:56:04,false,"10'z1 + 40'z2 + (5'z4 + 5'z2)X4 + 10'z2 + 20'z3 + defa","24.09","1,681","02:03:36","139","160","4.9","169","181","5:08","3:47","55","53","1.15","8.7","10.2","261","49.4% S / 50.6% D","--","0.0","0","0","0.0","0.0","--","0","0","0","--","0:00","14.0","0:00","No","00:33.05.7","25","26.0","33","20","45","02:03:22","02:04:44","106","131"
Cardio,2023-02-28 19:00:52,false,"Cardio","0.00","443","01:27:01","86","130","0.7","--","--","--","--","--","--","0.00","0.0","0.0","0","--","--","0.0","0","0","0.0","0.0","--","0","0","0","--","0:00","28.0","0:00","No","01:27:00.88.6","1","31.0","22","14","35","00:00:00","01:59:04","--","--"
Ellittica,2023-02-28 17:27:51,false,"Ellittica","13.07","604","01:05:06","115","126","2.2","123","167","12.0","--","--","--","0.00","0.0","0.0","0","--","--","0.0","0","0","0.0","0.0","--","0","0","0","--","0:00","27.0","0:00","No","01:05:05.85.4","1","30.0","33","17","43","00:00:00","01:05:06","--","--"
Trail Running,2023-02-25 08:10:00,false,"Brescia Trail Running","31.13","2,282","03:08:40","127","146","4.7","165","255","6:04","4:29","910","903","0.99","9.6","9.5","283","50.5% S / 49.5% D","--","0.0","0","0","0.0","0.0","--","0","0","0","--","0:00","12.0","0:00","No","00:47.32.5","32","26.0","32","19","42","03:08:25","03:13:04","140","872"
Trail Running,2023-02-24 18:55:30,false,"Castel Mella Trail Running","8.09","536","01:07:26","97","141","2.7","130","177","8:20","4:15","20","19","0.89","8.4","7.8","277","49.7% S / 50.3% D","--","0.0","0","0","0.0","0.0","--","0","0","0","--","0:00","15.0","0:00","No","00:24.12.8","9","27.0","24","12","45","01:07:25","01:07:26","106","125"
Nuoto in piscina,2023-02-23 20:40:22,false,"Nuoto in piscina","2,325","466","01:06:03","136","151","3.6","--","--","2:50","1:01","--","--","0.00","0.0","0.0","0","--","--","0.0","0","0","0.0","0.0","1641","60","25","0","--","0:00","0.0","0:00","No","01:06:03.46.5","1","0.0","--","--","--","01:06:03","01:06:43","--","--"
Cardio,2023-02-23 19:48:11,false,"Cardio","0.00","212","00:42:35","84","115","0.3","--","--","--","--","--","--","0.00","0.0","0.0","0","--","--","0.0","0","0","0.0","0.0","--","0","0","0","--","0:00","30.0","0:00","No","42:35.35.2","1","32.0","23","17","36","00:00:00","00:42:35","--","--"
Ellittica,2023-02-23 18:09:08,false,"Ellittica","13.01","487","01:05:02","107","131","1.9","134","166","12.0","--","--","--","0.00","0.0","0.0","0","--","--","0.0","0","0","0.0","0.0","--","0","0","0","--","0:00","29.0","0:00","No","01:05:02.46.4","1","31.0","28","21","37","00:00:00","01:05:02","--","--"
Trail Running,2023-02-22 13:18:56,false,"Castel Mella Trail Running","24.11","1,635","01:57:06","141","149","5.0","168","182","4:51","4:23","68","66","1.22","8.4","10.5","259","50.2% S / 49.8% D","--","0.0","0","0","0.0","0.0","--","0","0","0","--","0:00","19.0","0:00","No","00:29.64.9","25","28.0","29","19","40","01:56:54","01:57:06","95","134"
Cardio,2023-02-21 20:02:51,false,"Cardio","0.00","208","00:40:51","87","126","0.5","--","--","--","--","--","--","0.00","0.0","0.0","0","--","--","0.0","0","0","0.0","0.0","--","0","0","0","--","0:00","31.0","0:00","No","40:50.85.4","1","33.0","22","15","29","00:00:00","00:40:51","--","--"
Ellittica,2023-02-21 18:23:42,false,"Ellittica","11.56","430","00:58:42","106","119","1.5","130","159","11.8","--","--","--","0.00","0.0","0.0","0","--","--","0.0","0","0","0.0","0.0","--","0","0","0","--","0:00","29.0","0:00","No","58:41.59.2","1","32.0","26","18","37","00:00:00","00:58:42","--","--"
Sci su pista/Snowboard,2023-02-20 08:47:23,false,"Courmayeur Sci su pista/Snowboard","47.63","781","02:30:45","92","122","0.5","--","--","19.0","75.0","--","9,593","0.00","0.0","0.0","0","--","--","0.0","0","0","0.0","0.0","--","0","0","0","--","0:00","15.0","0:00","No","01:04.00.3","23","35.0","22","14","33","02:16:25","08:00:41","1,218","2,620"
Trail Running,2023-02-18 08:15:42,false,"Brescia Trail Running","50.02","3,930","06:25:50","125","151","5.0","147","238","7:43","4:44","2,025","2,010","0.86","11.3","9.4","351","50.4% S / 49.6% D","--","0.0","0","0","0.0","0.0","--","0","0","0","--","0:00","13.0","0:00","No","00:08.23","51","28.0","32","19","45","06:24:10","06:47:29","138","935"
Ciclismo indoor,2023-02-17 15:15:58,false,"Ciclismo indoor","21.95","390","01:05:03","97","111","1.2","--","--","20.2","--","--","--","0.00","0.0","0.0","0","--","--","0.0","0","0","0.0","0.0","--","0","0","0","--","0:00","31.0","0:00","No","01:05:02.80.1","1","34.0","27","17","37","00:00:00","01:05:03","--","--"
Cardio,2023-02-17 14:11:53,false,"Cardio","0.00","383","01:02:33","97","132","1.0","--","--","--","--","--","--","0.00","0.0","0.0","0","--","--","0.0","0","0","0.0","0.0","--","0","0","0","--","0:00","29.0","0:00","No","01:02:32.90.5","1","32.0","24","17","33","00:00:00","01:02:33","--","--"
Ellittica,2023-02-17 13:31:05,false,"Ellittica","7.06","270","00:35:02","103","115","1.1","115","167","12.1","--","--","--","0.00","0.0","0.0","0","--","--","0.0","0","0","0.0","0.0","--","0","0","0","--","0:00","26.0","0:00","No","35:01.92.7","1","30.0","29","18","36","00:00:00","00:35:02","--","--"
Ellittica,2023-02-17 11:52:12,false,"Ellittica","9.21","362","00:44:28","107","123","1.5","139","167","12.4","--","--","--","0.00","0.0","0.0","0","--","--","0.0","0","0","0.0","0.0","--","0","0","0","--","0:00","27.0","0:00","No","44:28.04.2","1","31.0","28","20","39","00:00:00","00:44:28","--","--"
Trail Running,2023-02-16 13:10:32,false,"Castel Mella Trail Running","24.29","1,642","02:00:29","138","151","4.8","169","182","4:58","4:24","63","59","1.19","8.4","10.3","260","50.3% S / 49.7% D","--","0.0","0","0","0.0","0.0","--","0","0","0","--","0:00","21.0","0:00","No","01:19.61.3","25","27.0","31","20","43","02:00:21","02:00:29","102","132"
Sci su pista/Snowboard,2023-02-15 10:14:22,false,"Ortisei Sci su pista/Snowboard","47.84","633","01:40:57","97","128","0.6","--","--","28.4","68.2","--","8,369","0.00","0.0","0.0","0","--","--","0.0","0","0","0.0","0.0","--","0","0","0","--","0:00","13.0","0:00","No","01:00.00.2","23","28.0","22","13","32","01:35:42","06:50:54","1,280","2,489"
Ciclismo indoor,2023-02-14 20:40:33,false,"Ciclismo indoor","23.59","370","01:05:06","95","110","1.0","--","--","21.7","--","--","--","0.00","0.0","0.0","0","--","--","0.0","0","0","0.0","0.0","--","0","0","0","--","0:00","31.0","0:00","No","01:05:05.90.7","1","34.0","26","18","35","00:00:00","01:05:06","--","--"
Cardio,2023-02-14 19:03:23,false,"Cardio","0.00","445","01:35:08","86","132","0.7","--","--","--","--","--","--","0.00","0.0","0.0","0","--","--","0.0","0","0","0.0","0.0","--","0","0","0","--","0:00","29.0","0:00","No","01:35:07.50.6","1","32.0","21","14","32","00:00:00","01:35:08","--","--"
Ellittica,2023-02-14 17:53:13,false,"Ellittica","13.51","517","01:05:05","109","127","2.0","141","171","12.5","--","--","--","0.00","0.0","0.0","0","--","--","0.0","0","0","0.0","0.0","--","0","0","0","--","0:00","28.0","0:00","No","01:05:05.37.8","1","31.0","28","17","38","00:00:00","01:05:05","--","--"
Trail Running,2023-02-13 12:59:32,false,"Castel Mella Trail Running","22.64","1,597","02:00:31","135","162","4.7","167","191","5:19","3:07","62","61","1.11","9.1","10.2","268","49.5% S / 50.5% D","--","0.0","0","0","0.0","0.0","--","0","0","0","--","0:00","17.0","0:00","No","03:34.90.2","23","29.0","35","22","45","02:00:20","02:00:31","100","134"
Trail Running,2023-02-11 08:35:48,false,"Brescia Trail Running","31.15","2,286","03:09:23","132","153","4.7","165","213","6:05","4:29","909","907","0.99","9.6","9.6","279","50.3% S / 49.8% D","--","0.0","0","0","0.0","0.0","--","0","0","0","--","0:00","8.0","0:00","No","00:43.09.4","32","27.0","32","19","46","03:09:07","03:15:05","133","876"
Ciclismo indoor,2023-02-10 21:22:16,false,"Ciclismo indoor","12.08","178","00:33:26","91","108","0.5","--","--","21.7","--","--","--","0.00","0.0","0.0","0","--","--","0.0","0","0","0.0","0.0","--","0","0","0","--","0:00","31.0","0:00","No","33:26.32.4","1","32.0","--","--","--","00:00:00","00:33:26","--","--"
Cardio,2023-02-10 20:51:14,false,"Cardio","0.00","121","00:30:04","79","132","0.2","--","--","--","--","--","--","0.00","0.0","0.0","0","--","--","0.0","0","0","0.0","0.0","--","0","0","0","--","0:00","29.0","0:00","No","30:03.84.3","1","32.0","--","--","--","00:00:00","00:30:04","--","--"
Ellittica,2023-02-10 20:13:39,false,"Ellittica","6.90","435","00:35:11","132","161","3.2","136","173","11.8","--","--","--","0.00","0.0","0.0","0","--","--","0.0","0","0","0.0","0.0","--","0","0","0","--","0:00","27.0","0:00","No","35:10.86.3","1","29.0","--","--","--","00:00:00","00:35:11","--","--"
Trail Running,2023-02-09 13:00:08,false,"Castel Mella Trail Running","24.45","1,674","02:00:04","143","154","5.0","169","182","4:55","4:15","69","70","1.20","8.4","10.4","255","49.8% S / 50.2% D","--","0.0","0","0","0.0","0.0","--","0","0","0","--","0:00","13.0","0:00","No","02:06.15.5","25","27.0","34","21","49","02:00:00","02:00:04","96","136"
Cardio,2023-02-08 20:37:26,false,"Cardio","0.00","339","01:12:27","85","119","0.3","--","--","--","--","--","--","0.00","0.0","0.0","0","--","--","0.0","0","0","0.0","0.0","--","0","0","0","--","0:00","28.0","0:00","No","01:12:26.74.2","1","32.0","22","16","34","00:00:00","01:12:27","--","--"
Ellittica,2023-02-08 19:55:34,false,"Ellittica","8.59","303","00:40:05","106","114","1.2","139","169","12.9","--","--","--","0.00","0.0","0.0","0","--","--","0.0","0","0","0.0","0.0","--","0","0","0","--","0:00","27.0","0:00","No","40:04.68.8","1","30.0","27","15","33","00:00:00","00:40:05","--","--"
Trail Running,2023-02-07 12:31:00,false,"Castel Mella Trail Running","24.14","1,624","02:00:04","138","149","4.8","170","190","4:58","4:25","59","53","1.18","8.5","10.3","255","49.2% S / 50.8% D","--","0.0","0","0","0.0","0.0","--","0","0","0","--","0:00","14.0","0:00","No","00:40.14.3","25","27.0","31","20","43","01:59:56","02:00:04","97","135"
Trail Running,2023-02-04 08:08:43,false,"Brescia Trail Running","50.48","3,856","06:44:35","125","146","5.0","145","227","8:01","5:07","1,829","1,820","0.85","11.2","9.4","352","49.9% S / 50.1% D","--","0.0","0","0","0.0","0.0","--","0","0","0","--","0:00","13.0","0:00","No","02:55.93.6","51","28.0","31","19","45","06:42:56","06:56:57","139","862"
Ciclismo indoor,2023-02-03 20:40:29,false,"Ciclismo indoor","23.43","347","01:05:02","94","107","0.9","--","--","21.6","--","--","--","0.00","0.0","0.0","0","--","--","0.0","0","0","0.0","0.0","--","0","0","0","--","0:00","30.0","0:00","No","01:05:02.27.9","1","33.0","26","15","37","00:00:00","01:05:02","--","--"
Cardio,2023-02-03 19:29:08,false,"Cardio","0.00","379","01:10:11","91","134","0.8","--","--","--","--","--","--","0.00","0.0","0.0","0","--","--","0.0","0","0","0.0","0.0","--","0","0","0","--","0:00","29.0","0:00","No","01:10:11.44.4","1","32.0","22","16","37","00:00:00","01:10:11","--","--"
Ellittica,2023-02-03 18:21:00,false,"Ellittica","13.60","472","01:05:04","108","118","1.8","142","167","12.5","--","--","--","0.00","0.0","0.0","0","--","--","0.0","116","0","0.0","0.0","--","0","0","0","--","0:00","27.0","0:00","No","01:05:04.41.6","1","30.0","27","19","35","00:00:00","01:05:04","--","--"
Trail Running,2023-02-02 15:39:45,false,"Castel Mella Trail Running","24.14","1,676","02:03:48","140","153","4.9","168","177","5:08","4:14","103","101","1.15","8.9","10.5","265","49.2% S / 50.8% D","--","0.0","0","0","0.0","0.0","--","0","0","0","--","0:00","16.0","0:00","No","00:38.79.8","25","29.0","31","20","42","02:03:38","02:03:48","93","125"
Ciclismo indoor,2023-02-01 13:47:44,false,"Ciclismo indoor","0.00","158","00:25:20","93","102","0.5","--","--","--","--","--","--","0.00","0.0","0.0","0","--","--","0.0","0","0","0.0","0.0","--","0","0","0","--","0:00","28.0","0:00","No","25:19.95.3","1","32.0","29","22","37","00:00:00","00:25:20","--","--"
Cardio,2023-02-01 12:43:24,false,"Cardio","0.00","310","01:00:36","87","122","0.6","--","--","--","--","--","--","0.00","0.0","0.0","0","--","--","0.0","0","0","0.0","0.0","--","0","0","0","--","0:00","28.0","0:00","No","01:00:35.75","1","30.0","22","16","33","00:00:00","01:00:36","--","--"
Ellittica,2023-02-01 11:31:00,false,"Ellittica","12.87","440","01:05:02","103","114","1.5","138","167","11.9","--","--","--","0.00","0.0","0.0","0","--","--","0.0","124","0","0.0","0.0","--","0","0","0","--","0:00","26.0","0:00","No","01:05:01.56.6","1","28.0","27","16","38","00:00:00","01:05:02","--","--"
Trail Running,2023-01-31 13:24:37,false,"10'Z1 + 40'z2 + (5'z4 + 5'z2)X4 + 10'z2 + 20'z3 + defa","24.52","1,740","02:15:01","137","157","4.9","167","177","5:30","3:59","66","66","1.09","8.9","9.9","270","49.1% S / 50.9% D","--","0.0","0","0","0.0","0.0","--","0","0","0","--","0:00","18.0","0:00","No","03:10.81.3","25","28.0","33","21","43","02:14:49","02:15:01","101","132"
Trail Running,2023-01-29 19:14:20,false,"Castel Mella Trail Running","17.02","1,227","01:34:44","136","153","4.1","168","179","5:34","4:18","29","30","1.07","9.0","9.8","270","49.3% S / 50.7% D","--","0.0","0","0","0.0","0.0","--","0","0","0","--","0:00","12.0","0:00","No","00:04.21.7","18","25.0","33","19","48","01:34:34","01:34:44","106","123"
Trail Running,2023-01-28 08:53:47,false,"Brescia Trail Running","43.61","3,423","05:41:44","130","152","5.0","148","218","7:50","5:12","1,628","1,609","0.86","10.8","9.2","352","49.8% S / 50.2% D","--","0.0","0","0","0.0","0.0","--","0","0","0","--","0:00","10.0","0:00","No","03:25.91.4","44","23.0","33","18","48","05:40:31","05:53:20","140","870"
Cardio,2023-01-27 20:37:14,false,"Cardio","0.00","392","01:12:49","94","136","1.3","--","--","--","--","--","--","0.00","0.0","0.0","0","--","--","0.0","0","0","0.0","0.0","--","0","0","0","--","0:00","29.0","0:00","No","01:12:49.05.5","1","31.0","22","14","31","00:00:00","01:12:49","--","--"
Ellittica,2023-01-27 19:28:00,false,"Ellittica","13.52","514","01:05:03","111","124","2.0","127","167","12.5","--","--","--","0.00","0.0","0.0","0","--","--","0.0","115","0","0.0","0.0","--","0","0","0","--","0:00","26.0","0:00","No","01:05:02.77.5","1","30.0","28","20","37","00:00:00","01:05:03","--","--"
Trail Running,2023-01-26 18:31:17,false,"Castel Mella Trail Running","22.08","1,546","02:02:33","133","143","4.3","164","178","5:33","4:35","51","48","1.08","9.1","10.0","275","49.1% S / 50.9% D","--","0.0","0","0","0.0","0.0","--","0","0","0","--","0:00","11.0","0:00","No","00:19.96.8","23","26.0","33","19","47","02:02:23","02:02:33","101","125"
Ciclismo indoor,2023-01-25 15:03:52,false,"Ciclismo indoor","23.45","344","01:05:02","91","105","0.9","--","--","21.6","--","--","--","0.00","0.0","0.0","0","--","--","0.0","0","0","0.0","0.0","--","0","0","0","--","0:00","30.0","0:00","No","01:05:02.17.4","1","32.0","28","20","33","00:00:00","01:05:02","--","--"
Ellittica,2023-01-25 13:55:00,false,"Ellittica","13.69","514","01:05:13","110","121","2.0","121","168","12.6","--","--","--","0.00","0.0","0.0","0","--","--","0.0","110","0","0.0","0.0","--","0","0","0","--","0:00","27.0","0:00","No","01:05:12.65","1","30.0","31","19","42","00:00:00","01:05:13","--","--"
Trail Running,2023-01-24 20:44:02,false,"Castel Mella Trail Running","18.88","1,333","01:40:02","141","162","4.8","167","193","5:18","3:50","2","--","1.13","8.7","10.0","266","49.8% S / 50.2% D","--","0.0","0","0","0.0","0.0","--","0","0","0","--","0:00","15.0","0:00","No","04:38.77.8","19","27.0","34","20","47","01:39:08","01:40:24","108","111"
Cardio,2023-01-23 16:55:46,false,"Cardio","0.00","330","01:04:24","89","123","0.5","--","--","--","--","--","--","0.00","0.0","0.0","0","--","--","0.0","0","0","0.0","0.0","--","0","0","0","--","0:00","28.0","0:00","No","01:04:24.07.2","1","31.0","23","16","34","00:00:00","01:04:24","--","--"
Ellittica,2023-01-23 15:45:00,false,"Ellittica","13.14","528","01:05:05","112","124","2.2","120","167","12.1","--","--","--","0.00","0.0","0.0","0","--","--","0.0","124","0","0.0","0.0","--","0","0","0","--","0:00","27.0","0:00","No","01:05:04.58.1","1","31.0","31","16","43","00:00:00","01:05:05","--","--"
Trail Running,2023-01-21 08:19:00,false,"Brescia Trail Running","41.04","3,245","06:02:04","128","155","4.9","139","235","8:49","4:48","1,690","1,382","0.77","11.7","8.7","365","50.0% S / 50.0% D","--","0.0","0","0","0.0","0.0","--","0","0","0","--","0:00","8.0","0:00","No","00:12.60.7","36","21.0","32","20","53","05:21:22","05:26:46","134","872"
Nuoto in piscina,2023-01-20 20:17:20,false,"Nuoto in piscina","2,525","505","01:08:21","123","141","2.7","--","--","2:42","2:03","--","--","0.00","0.0","0.0","0","--","--","0.0","0","0","0.0","0.0","1833","59","27","0","--","0:00","0.0","0:00","No","01:08:20.86.1","1","0.0","--","--","--","01:08:21","01:09:00","--","--"
Ciclismo indoor,2023-01-20 19:13:37,false,"Ciclismo indoor","20.51","337","00:55:03","99","108","1.1","--","--","22.4","--","--","--","0.00","0.0","0.0","0","--","--","0.0","0","0","0.0","0.0","--","0","0","0","--","0:00","29.0","0:00","No","55:03.20.9","1","32.0","27","17","34","00:00:00","00:55:03","--","--"
Ellittica,2023-01-20 18:07:00,false,"Ellittica","13.99","566","01:05:04","115","126","2.2","124","173","12.9","--","--","--","0.00","0.0","0.0","0","--","--","0.0","117","0","0.0","0.0","--","0","0","0","--","0:00","27.0","0:00","No","01:05:04.03.5","1","30.0","32","22","42","00:00:00","01:05:04","--","--"
Trail Running,2023-01-19 17:04:06,false,"Castel Mella Trail Running","22.63","1,594","02:02:22","138","156","4.7","167","184","5:24","4:09","49","47","1.11","8.8","10.0","272","49.3% S / 50.7% D","--","0.0","0","0","0.0","0.0","--","0","0","0","--","0:00","10.0","0:00","No","03:07.81.1","23","27.0","31","19","42","02:02:00","02:02:22","101","124"
Ciclismo indoor,2023-01-18 18:05:11,false,"Ciclismo indoor","17.85","316","00:50:03","100","113","1.0","--","--","21.4","--","--","--","0.00","0.0","0.0","0","--","--","0.0","0","0","0.0","0.0","--","0","0","0","--","0:00","29.0","0:00","No","50:03.33","1","33.0","26","17","36","00:00:00","00:50:03","--","--"
Cardio,2023-01-18 17:17:38,false,"Cardio","0.00","265","00:46:10","96","129","0.6","--","--","--","--","--","--","0.00","0.0","0.0","0","--","--","0.0","0","0","0.0","0.0","--","0","0","0","--","0:00","28.0","0:00","No","46:10.04.1","1","30.0","22","14","30","00:00:00","00:46:10","--","--"
Ellittica,2023-01-18 16:08:00,false,"Ellittica","13.62","672","01:05:03","124","136","2.8","106","173","12.6","--","--","--","0.00","0.0","0.0","0","--","--","0.0","133","0","0.0","0.0","--","0","0","0","--","0:00","27.0","0:00","No","01:05:02.62.9","1","31.0","29","17","41","00:00:00","01:05:03","--","--"
Cardio,2023-01-16 12:35:50,false,"Cardio","0.00","391","01:10:24","94","130","0.8","--","--","--","--","--","--","0.00","0.0","0.0","0","--","--","0.0","0","0","0.0","0.0","--","0","0","0","--","0:00","28.0","0:00","No","01:10:23.81.9","1","30.0","23","16","34","00:00:00","01:10:24","--","--"
Ellittica,2023-01-16 11:58:00,false,"Ellittica","7.58","354","00:35:04","120","134","2.3","116","171","13.0","--","--","--","0.00","0.0","0.0","0","--","--","0.0","150","0","0.0","0.0","--","0","0","0","--","0:00","27.0","0:00","No","35:03.57.6","1","30.0","29","18","37","00:00:00","00:35:04","--","--"
Trail Running,2023-01-14 07:58:37,false,"Iseo Trail Running","23.71","2,383","04:25:53","125","149","4.3","125","209","11:13","5:13","1,667","1,660","0.72","14.0","9.5","412","49.8% S / 50.2% D","--","0.0","0","0","0.0","0.0","--","0","0","0","--","0:00","9.0","0:00","No","05:34.44.2","24","22.0","31","15","50","04:10:15","04:25:53","550","1,377"
Trail Running,2023-01-13 15:10:43,false,"Castel Mella Trail Running","18.79","1,324","01:50:02","125","140","3.8","166","176","5:51","4:57","102","101","1.03","9.5","10.0","278","49.1% S / 50.9% D","--","0.0","0","0","0.0","0.0","--","0","0","0","--","0:00","13.0","0:00","No","04:31.81.1","19","29.0","39","23","47","01:49:53","01:50:02","92","128"
Ciclismo indoor,2023-01-12 20:44:38,false,"Ciclismo indoor","21.27","314","01:00:07","91","107","0.9","--","--","21.2","--","--","--","0.00","0.0","0.0","0","--","--","0.0","0","0","0.0","0.0","--","0","0","0","--","0:00","31.0","0:00","No","01:00:06.53.5","1","32.0","27","13","34","00:00:00","01:00:07","--","--"
Cardio,2023-01-12 19:10:55,false,"Cardio","0.00","460","01:31:05","92","142","1.4","--","--","--","--","--","--","0.00","0.0","0.0","0","--","--","0.0","0","0","0.0","0.0","--","0","0","0","--","0:00","28.0","0:00","No","01:31:04.87.8","1","31.0","22","15","37","00:00:00","01:31:05","--","--"
Ellittica,2023-01-12 17:57:00,false,"Ellittica","14.25","476","01:10:04","106","120","1.8","132","167","12.2","--","--","--","0.00","0.0","0.0","0","--","--","0.0","113","0","0.0","0.0","--","0","0","0","--","0:00","28.0","0:00","No","01:10:03.54.1","1","31.0","26","19","35","00:00:00","01:10:04","--","--"
Corsa su tapis roulant,2023-01-11 09:28:55,false,"Test lattato","7.70","463","00:48:55","125","164","2.9","140","226","6:21","4:02","--","--","1.09","8.6","9.2","299","49.3% S / 50.7% D","--","0.0","0","0","0.0","0.0","--","0","0","0","--","0:00","19.0","0:00","No","09:16.81.5","5","25.0","29","17","43","00:42:48","00:48:55","--","--"
Ciclismo indoor,2023-01-10 20:42:45,false,"Ciclismo indoor","20.11","295","00:56:01","91","106","0.7","--","--","21.5","--","--","--","0.00","0.0","0.0","0","--","--","0.0","0","0","0.0","0.0","--","0","0","0","--","0:00","29.0","0:00","No","56:01.42.7","1","33.0","27","17","33","00:00:00","00:56:01","--","--"
Cardio,2023-01-10 19:19:43,false,"Cardio","0.00","355","01:20:04","84","117","0.3","--","--","--","--","--","--","0.00","0.0","0.0","0","--","--","0.0","0","0","0.0","0.0","--","0","0","0","--","0:00","29.0","0:00","No","01:20:04.22.7","1","31.0","22","15","33","00:00:00","01:20:04","--","--"
Ellittica,2023-01-10 18:05:00,false,"Ellittica","12.74","437","01:10:01","101","119","1.4","126","158","10.9","--","--","--","0.00","0.0","0.0","0","--","--","0.0","108","0","0.0","0.0","--","0","0","0","--","0:00","27.0","0:00","No","01:10:00.77.7","1","30.0","27","14","35","00:00:00","01:10:01","--","--"
Trail Running,2023-01-09 13:26:06,false,"Castel Mella Trail Running","21.25","1,489","02:00:03","129","149","4.2","167","178","5:39","4:54","50","46","1.06","9.1","9.9","271","49.1% S / 50.9% D","--","0.0","0","0","0.0","0.0","--","0","0","0","--","0:00","16.0","0:00","No","01:31.59.7","22","28.0","37","18","45","01:59:59","02:00:03","99","123"
Trail Running,2023-01-07 12:36:33,false,"Castel Mella Trail Running","25.02","1,682","02:02:21","143","156","5.0","171","185","4:53","4:16","43","40","1.19","8.3","10.1","254","49.4% S / 50.6% D","--","0.0","0","0","0.0","0.0","--","0","0","0","--","0:00","15.0","0:00","No","00:05.66.4","26","28.0","34","25","45","02:02:13","02:02:21","106","134"
Nuoto in piscina,2023-01-06 11:14:18,false,"Nuoto in piscina","2,325","469","01:00:07","125","149","3.1","--","--","2:33","0:55","--","--","0.00","0.0","0.0","0","--","--","0.0","0","0","0.0","0.0","1565","55","26","0","--","0:00","0.0","0:00","No","01:00:06.97.6","1","0.0","--","--","--","00:59:24","01:00:53","--","--"
Ciclismo indoor,2023-01-05 15:16:48,false,"Ciclismo indoor","19.30","280","00:50:02","97","115","0.8","--","--","23.1","--","--","--","0.00","0.0","0.0","0","--","--","0.0","0","0","0.0","0.0","--","0","0","0","--","0:00","30.0","0:00","No","50:02.03.9","1","33.0","24","16","34","00:00:00","00:50:02","--","--"
Cardio,2023-01-05 13:28:58,false,"Cardio","0.00","440","01:45:03","85","136","0.7","--","--","--","--","--","--","0.00","0.0","0.0","0","--","--","0.0","0","0","0.0","0.0","--","0","0","0","--","0:00","28.0","0:00","No","01:45:02.87.8","1","31.0","20","13","33","00:00:00","01:45:03","--","--"
Ellittica,2023-01-05 12:19:00,false,"Ellittica","13.48","464","01:06:02","106","117","1.8","96","167","12.2","--","--","--","0.00","0.0","0.0","0","--","--","0.0","115","0","0.0","0.0","--","0","0","0","--","0:00","27.0","0:00","No","01:06:02.15.3","1","32.0","29","14","37","00:00:00","01:06:02","--","--"
Trail Running,2023-01-04 10:33:06,false,"Brescia Trail Running","27.01","1,960","03:22:51","115","141","3.8","148","191","7:31","5:30","819","813","0.89","10.9","9.7","353","49.3% S / 50.7% D","--","0.0","0","0","0.0","0.0","--","0","0","0","--","0:00","15.0","0:00","No","00:02.14.4","28","26.0","27","19","41","03:21:14","03:22:51","140","867"
Cardio,2023-01-03 12:39:23,false,"Cardio","0.00","343","01:20:01","86","123","0.4","--","--","--","--","--","--","0.00","0.0","0.0","0","--","--","0.0","0","0","0.0","0.0","--","0","0","0","--","0:00","28.0","0:00","No","01:20:00.71.6","1","30.0","21","13","31","00:00:00","01:20:01","--","--"
Ellittica,2023-01-03 11:31:00,false,"Ellittica","13.34","515","01:05:04","112","123","2.1","110","192","12.3","--","--","--","0.00","0.0","0.0","0","--","--","0.0","125","0","0.0","0.0","--","0","0","0","--","0:00","26.0","0:00","No","01:05:03.59","1","31.0","31","11","43","00:00:00","01:05:04","--","--"
Trail Running,2023-01-02 12:59:01,false,"Castel Mella Trail Running","23.90","1,693","02:12:42","135","156","4.9","167","185","5:33","4:00","60","61","1.07","8.9","9.7","273","49.6% S / 50.4% D","--","0.0","0","0","0.0","0.0","--","0","0","0","--","0:00","18.0","0:00","No","04:48.17.8","24","29.0","35","19","43","02:12:34","02:12:42","94","132"
Trail Running,2022-12-31 13:23:46,false,"Castel Mella Trail Running","30.02","2,098","02:34:09","147","157","5.0","168","178","5:08","4:15","85","87","1.16","8.7","10.4","265","49.8% S / 50.2% D","--","0.0","0","0","0.0","0.0","--","0","0","0","--","0:00","16.0","0:00","No","00:02.98.7","31","29.0","35","19","46","02:33:57","02:34:09","95","133"
Sci su pista/Snowboard,2022-12-30 08:51:45,false,"Ponte di Legno Sci su pista/Snowboard","37.80","595","01:35:23","97","134","0.9","--","--","23.8","76.8","--","8,737","0.00","0.0","0.0","0","--","--","0.0","0","0","0.0","0.0","--","0","0","0","--","0:00","11.0","0:00","No","01:20.00","21","23.0","22","12","37","01:28:04","06:24:58","1,137","2,495"
Cardio,2022-12-29 14:20:56,false,"Cardio","0.00","494","01:35:01","95","148","1.8","--","--","--","--","--","--","0.00","0.0","0.0","0","--","--","0.0","0","0","0.0","0.0","--","0","0","0","--","0:00","28.0","0:00","No","01:35:01.11.3","1","30.0","22","15","36","00:00:00","01:35:01","--","--"
Ellittica,2022-12-29 13:10:00,false,"Ellittica","13.66","512","01:06:00","111","127","2.0","115","171","12.4","--","--","--","0.00","0.0","0.0","0","--","--","0.0","125","0","0.0","0.0","--","0","0","0","--","0:00","27.0","0:00","No","01:06:00.43","1","31.0","28","14","39","00:00:00","01:06:00","--","--"
Sci su pista/Snowboard,2022-12-28 09:17:08,false,"Ponte di Legno Sci su pista/Snowboard","46.68","570","01:46:30","93","133","0.9","--","--","26.3","87.5","--","8,985","0.00","0.0","0.0","0","--","--","0.0","0","0","0.0","0.0","--","0","0","0","--","0:00","7.0","0:00","No","01:02.00.6","21","27.0","21","12","33","01:37:12","05:46:11","1,156","2,979"
Trail Running,2022-12-27 19:51:36,false,"Castel Mella Trail Running","13.23","883","01:10:25","132","145","3.7","166","173","5:19","4:51","22","20","1.13","9.1","10.6","271","48.9% S / 51.1% D","--","0.0","0","0","0.0","0.0","--","0","0","0","--","0:00","15.0","0:00","No","01:06.11.4","14","27.0","33","22","40","01:10:22","01:10:25","108","123"
Trail Running,2022-12-23 13:11:10,false,"120' corsa lenta 10'Z1 + 20'Z2 + (5'Z3 + 2'Z3Plus + 5'Z2) X5 + defa","23.35","1,606","02:01:29","137","156","5.0","168","178","5:12","3:53","61","62","1.13","8.8","10.1","255","49.5% S / 50.5% D","--","0.0","0","0","0.0","0.0","--","0","0","0","--","0:00","16.0","0:00","No","01:43.94.9","24","29.0","34","19","45","02:01:22","02:01:29","100","133"
Trail Running,2022-12-22 11:50:13,false,"Lentissimo - lipidico (fascia cardiaca scarica)","19.15","1,465","02:02:11","136","156","4.0","163","177","6:23","5:10","50","49","0.96","0.0","0.0","0","--","--","0.0","0","0","0.0","0.0","--","0","0","0","--","0:00","15.0","0:00","No","00:01.16.7","22","27.0","--","--","--","02:02:07","02:02:11","103","132"
Cardio,2022-12-21 13:45:18,false,"Cardio","0.00","608","01:15:46","114","155","2.6","--","--","--","--","--","--","0.00","0.0","0.0","0","--","--","0.0","0","0","0.0","0.0","--","0","0","0","--","0:00","28.0","0:00","No","01:15:45.54.9","1","30.0","--","--","--","00:00:00","01:15:46","--","--"
Ellittica,2022-12-21 12:36:00,false,"Ellittica","14.26","514","01:05:01","123","163","3.1","105","182","13.2","--","--","--","0.00","0.0","0.0","0","--","--","0.0","115","0","0.0","0.0","--","0","0","0","--","0:00","27.0","0:00","No","01:05:00.53.2","1","32.0","--","--","--","00:00:00","01:05:01","--","--"
Trail Running,2022-12-20 12:17:35,false,"Castel Mella Trail Running","22.09","1,527","02:02:21","132","147","4.3","167","175","5:32","5:01","62","59","1.08","9.2","10.2","272","49.3% S / 50.7% D","--","0.0","0","0","0.0","0.0","--","0","0","0","--","0:00","13.0","0:00","No","00:26.09.1","23","28.0","35","25","45","02:02:17","02:02:21","97","134"
Corsa su tapis roulant,2022-12-19 15:03:26,false,"Corsa su tapis roulant","4.30","208","00:35:01","99","115","0.9","129","177","8:09","4:10","--","--","0.94","8.6","8.1","432","49.3% S / 50.7% D","--","0.0","0","0","0.0","0.0","--","0","0","0","--","0:00","26.0","0:00","No","09:31.26.5","3","29.0","24","11","35","00:34:55","00:35:01","--","--"
Cardio,2022-12-19 13:36:57,false,"Cardio","0.00","355","01:23:11","85","135","0.7","--","--","--","--","--","--","0.00","0.0","0.0","0","--","--","0.0","0","0","0.0","0.0","--","0","0","0","--","0:00","27.0","0:00","No","01:23:11.34.2","1","29.0","21","14","37","00:00:00","01:23:11","--","--"
Ellittica,2022-12-19 12:27:00,false,"Ellittica","13.35","503","01:05:03","111","128","2.0","111","173","12.3","--","--","--","0.00","0.0","0.0","0","--","--","0.0","114","0","0.0","0.0","--","0","0","0","--","0:00","27.0","0:00","No","01:05:03.13.4","1","30.0","28","17","41","00:00:00","01:05:03","--","--"
Trail Running,2022-12-18 10:51:14,false,"Uscita trail","33.32","2,672","04:09:46","131","151","5.0","156","227","7:30","4:55","1,136","1,134","0.85","11.5","9.7","317","49.7% S / 50.3% D","--","0.0","0","0","0.0","0.0","--","0","0","0","--","0:00","13.0","0:00","No","01:52.02.2","34","25.0","32","21","47","04:08:51","04:09:46","140","866"
Cardio,2022-12-16 20:25:01,false,"Cardio","0.00","460","01:18:19","99","144","1.8","--","--","--","--","--","--","0.00","0.0","0.0","0","--","--","0.0","0","0","0.0","0.0","--","0","0","0","--","0:00","28.0","0:00","No","01:18:19.11.9","1","31.0","23","14","35","00:00:00","01:18:19","--","--"
Ellittica,2022-12-16 19:13:00,false,"Ellittica","14.05","589","01:05:49","120","130","2.3","127","164","12.8","--","--","--","0.00","0.0","0.0","0","--","--","0.0","115","0","0.0","0.0","--","0","0","0","--","0:00","28.0","0:00","No","01:05:49.02.9","1","31.0","29","14","36","00:00:00","01:07:37","--","--"
Trail Running,2022-12-15 11:35:06,false,"Corsa lenta con tratti in soglia ( 10'Z1 + 30'Z2 + 5X (4'Z4 + 4'Z2) ) + def","22.50","1,629","02:10:03","134","161","4.8","165","185","5:47","3:23","60","54","1.04","9.1","9.5","277","49.9% S / 50.1% D","--","0.0","0","0","0.0","0.0","--","0","0","0","--","0:00","11.0","0:00","No","03:05.49.4","23","27.0","36","18","47","02:09:57","02:10:03","104","127"
Cardio,2022-12-14 18:37:01,false,"Cardio","0.00","66","00:20:32","74","97","0.1","--","--","--","--","--","--","0.00","0.0","0.0","0","--","--","0.0","0","0","0.0","0.0","--","0","0","0","--","0:00","31.0","0:00","No","20:31.60.5","1","31.0","--","--","--","00:00:00","00:20:32","--","--"
Trail Running,2022-12-13 12:34:45,false,"Castel Mella Trail Running","21.01","1,474","02:01:40","129","153","4.1","166","174","5:47","4:49","45","45","1.04","9.3","9.9","266","50.0% S / 50.0% D","--","0.0","0","0","0.0","0.0","--","0","0","0","--","0:00","11.0","0:00","No","00:03.60.7","22","29.0","37","19","45","02:01:29","02:01:40","95","132"
Cardio,2022-12-12 14:41:47,false,"Cardio","0.00","370","01:08:51","93","131","0.6","--","--","--","--","--","--","0.00","0.0","0.0","0","--","--","0.0","0","0","0.0","0.0","--","0","0","0","--","0:00","27.0","0:00","No","01:08:51.27.9","1","29.0","22","14","32","00:00:00","01:08:51","--","--"
Ellittica,2022-12-12 13:33:00,false,"Ellittica","12.91","594","01:05:52","119","132","2.3","119","167","11.8","--","--","--","0.00","0.0","0.0","0","--","--","0.0","134","0","0.0","0.0","--","0","0","0","--","0:00","26.0","0:00","No","01:05:51.59.9","1","31.0","30","17","39","00:00:00","01:05:52","--","--"
Trail Running,2022-12-11 13:06:50,false,"Castel Mella Trail Running","31.24","2,226","03:05:52","130","143","4.8","166","190","5:57","4:58","124","125","1.01","9.6","9.8","279","49.7% S / 50.3% D","--","0.0","0","0","0.0","0.0","--","0","0","0","--","0:00","13.0","0:00","No","01:24.96.8","32","27.0","36","19","47","03:05:43","03:05:52","89","129"
Ellittica,2022-12-10 09:50:00,false,"Ellittica","13.56","524","01:05:03","115","129","2.1","87","165","12.5","--","--","--","0.00","0.0","0.0","0","--","--","0.0","115","0","0.0","0.0","--","0","0","0","--","0:00","28.0","0:00","No","01:05:03.23.9","1","34.0","27","14","37","00:00:00","01:05:03","--","--"
Corsa su tapis roulant,2022-12-10 08:13:39,false,"Corsa su tapis roulant","9.68","642","01:35:03","112","121","2.1","117","175","9:49","2:51","--","--","0.87","9.9","8.8","501","49.1% S / 50.9% D","--","0.0","0","0","0.0","0.0","--","0","0","0","--","0:00","27.0","0:00","No","00:15.83.6","7","29.0","25","14","35","01:35:00","01:35:03","--","--"
Sci su pista/Snowboard,2022-12-09 14:53:40,false,"Ponte di Legno Sci su pista/Snowboard","4.73","91","00:22:40","84","115","0.2","--","--","12.5","29.4","--","585","0.00","0.0","0.0","0","--","--","0.0","0","0","0.0","0.0","--","0","0","0","--","0:00","18.0","0:00","No","01:00.00.1","11","25.0","18","13","26","00:22:12","01:33:17","1,874","2,022"
Sci su pista/Snowboard,2022-12-09 10:45:20,false,"Ponte di Legno Sci su pista/Snowboard","8.04","145","00:35:07","85","116","0.2","--","--","13.7","29.1","--","1,320","0.00","0.0","0.0","0","--","--","0.0","0","0","0.0","0.0","--","0","0","0","--","0:00","16.0","0:00","No","01:01.00.2","13","26.0","20","11","28","00:33:41","02:42:30","1,878","2,231"
Sci su pista/Snowboard,2022-12-08 13:57:32,false,"Vermiglio Sci su pista/Snowboard","12.13","172","00:39:45","86","117","0.2","--","--","18.3","45.2","--","1,818","0.00","0.0","0.0","0","--","--","0.0","0","0","0.0","0.0","--","0","0","0","--","0:00","12.0","0:00","No","01:29.00","12","22.0","19","11","27","00:38:56","02:08:56","1,867","2,233"
Sci su pista/Snowboard,2022-12-08 09:00:33,false,"Ponte di Legno Sci su pista/Snowboard","10.52","174","00:40:27","85","119","0.3","--","--","15.6","55.0","--","1,872","0.00","0.0","0.0","0","--","--","0.0","0","0","0.0","0.0","--","0","0","0","--","0:00","15.0","0:00","No","01:07.00","13","24.0","19","13","31","00:31:58","03:40:32","1,859","2,420"
Corsa su tapis roulant,2022-12-07 13:43:38,false,"Corsa su tapis roulant","9.44","727","01:35:04","117","124","2.3","114","119","10:04","5:12","--","--","0.87","10.6","9.4","515","48.6% S / 51.4% D","--","0.0","0","0","0.0","0.0","--","0","0","0","--","0:00","26.0","0:00","No","14:16.12.5","6","29.0","27","17","38","01:34:58","01:35:04","--","--"
Cardio,2022-12-07 12:17:53,false,"Cardio","0.00","344","01:24:14","83","118","0.3","--","--","--","--","--","--","0.00","0.0","0.0","0","--","--","0.0","0","0","0.0","0.0","--","0","0","0","--","0:00","26.0","0:00","No","01:24:14.31.2","1","29.0","20","14","31","00:00:00","01:24:14","--","--"
Ellittica,2022-12-07 11:09:00,false,"Ellittica","12.13","456","01:05:03","109","121","1.7","130","165","11.2","--","--","--","0.00","0.0","0.0","0","--","--","0.0","106","0","0.0","0.0","--","0","0","0","--","0:00","27.0","0:00","No","01:05:02.56.3","1","31.0","26","14","34","00:00:00","01:05:03","--","--"
Trail Running,2022-12-06 12:51:40,false,"Scarico - corsa lenta - 120' Z2","22.02","1,574","02:04:34","131","139","4.4","167","174","5:39","5:03","61","59","1.06","9.4","10.2","272","50.0% S / 50.0% D","--","0.0","0","0","0.0","0.0","--","0","0","0","--","0:00","14.0","0:00","No","00:06.71.4","23","27.0","35","19","43","02:04:27","02:04:34","102","133"
Corsa su tapis roulant,2022-12-05 16:07:32,false,"Corsa su tapis roulant","6.44","641","01:05:02","125","133","2.7","114","167","10:06","3:47","--","--","0.87","10.6","9.4","516","48.7% S / 51.3% D","--","0.0","0","0","0.0","0.0","--","0","0","0","--","0:00","28.0","0:00","No","16:04.05.4","4","30.0","33","14","43","01:04:59","01:05:02","--","--"
Cardio,2022-12-05 14:50:46,false,"Cardio","0.00","367","01:15:07","92","135","0.8","--","--","--","--","--","--","0.00","0.0","0.0","0","--","--","0.0","0","0","0.0","0.0","--","0","0","0","--","0:00","29.0","0:00","No","01:15:06.52.1","1","31.0","21","14","32","00:00:00","01:15:07","--","--"
Ellittica,2022-12-05 13:42:00,false,"Ellittica","12.13","500","01:05:03","113","125","2.0","108","158","11.2","--","--","--","0.00","0.0","0.0","0","--","--","0.0","106","0","0.0","0.0","--","0","0","0","--","0:00","27.0","0:00","No","01:05:03.01.6","1","33.0","28","17","37","00:00:00","01:05:03","--","--"
Trail Running,2022-12-03 09:49:56,false,"Brescia Trail Running","31.03","2,511","04:01:52","127","147","4.5","151","213","7:48","4:46","1,114","1,113","0.84","11.9","9.8","336","50.1% S / 49.9% D","--","0.0","0","0","0.0","0.0","--","0","0","0","--","0:00","14.0","0:00","No","00:10.46.8","32","26.0","32","19","43","04:01:26","04:01:52","140","860"
Corsa su tapis roulant,2022-12-02 14:39:48,false,"Corsa su tapis roulant","9.58","781","01:35:02","119","129","2.4","116","160","9:55","3:54","--","--","0.71","13.0","9.4","506","49.1% S / 50.9% D","--","0.0","0","0","0.0","0.0","--","0","0","0","--","0:00","26.0","0:00","No","16:56.11.9","5","30.0","29","11","37","01:35:01","01:35:02","--","--"
Cardio,2022-12-02 13:37:16,false,"Cardio","0.00","195","01:00:08","78","127","0.3","--","--","--","--","--","--","0.00","0.0","0.0","0","--","--","0.0","0","0","0.0","0.0","--","0","0","0","--","0:00","28.0","0:00","No","01:00:07.98.6","1","30.0","18","12","28","00:00:00","01:00:08","--","--"
Ellittica,2022-12-02 12:29:00,false,"Ellittica","12.73","444","01:05:02","108","124","1.6","88","164","11.7","--","--","--","0.00","0.0","0.0","0","--","--","0.0","103","0","0.0","0.0","--","0","0","0","--","0:00","28.0","0:00","No","01:05:01.77.3","1","33.0","26","12","36","00:00:00","01:05:02","--","--"
Cardio,2022-12-01 20:55:09,false,"Cardio","0.00","187","00:50:13","81","110","0.2","--","--","--","--","--","--","0.00","0.0","0.0","0","--","--","0.0","0","0","0.0","0.0","--","0","0","0","--","0:00","30.0","0:00","No","50:13.15","1","32.0","19","14","27","00:00:00","00:50:13","--","--"
Ellittica,2022-12-01 20:03:00,false,"Ellittica","12.73","342","00:50:21","104","119","1.3","93","167","15.2","--","--","--","0.00","0.0","0.0","0","--","--","0.0","103","0","0.0","0.0","--","0","0","0","--","0:00","28.0","0:00","No","50:20.87.4","1","32.0","29","20","36","00:00:00","00:50:21","--","--"
Nuoto in piscina,2022-11-30 19:56:59,false,"Nuoto in piscina","3,650","747","01:41:11","124","154","2.9","--","--","2:46","1:09","--","--","0.00","0.0","0.0","0","--","--","0.0","0","0","0.0","0.0","2642","60","26","0","--","0:00","0.0","0:00","No","01:41:10.80.6","1","0.0","--","--","--","01:40:57","01:41:49","--","--"
Trail Running,2022-11-29 11:37:29,false,"120' corsa lenta con tratti in soglia","25.07","1,788","02:31:01","135","160","4.9","159","178","6:02","3:41","61","62","1.03","9.5","9.9","303","49.8% S / 50.2% D","--","0.0","0","0","0.0","0.0","--","0","0","0","--","0:00","16.0","0:00","No","00:26.26.3","26","27.0","32","18","42","02:30:55","02:31:01","91","129"
Cardio,2022-11-28 12:48:18,false,"Cardio","0.00","357","01:04:23","95","147","1.2","--","--","--","--","--","--","0.00","0.0","0.0","0","--","--","0.0","0","0","0.0","0.0","--","0","0","0","--","0:00","28.0","0:00","No","01:04:22.80.6","1","30.0","--","--","--","00:00:00","01:04:23","--","--"
Ellittica,2022-11-28 11:37:00,false,"Ellittica","11.71","427","01:07:47","107","146","2.0","107","168","10.4","--","--","--","0.00","0.0","0.0","0","--","--","0.0","101","0","0.0","0.0","--","0","0","0","--","0:00","28.0","0:00","No","01:07:46.59","1","31.0","--","--","--","00:00:00","01:07:47","--","--"
Mountain bike,2022-11-27 16:35:21,false,"Castel Mella Mountain bike","20.06","257","01:04:30","83","119","0.4","--","--","18.7","27.3","60","55","0.00","0.0","0.0","0","--","--","0.0","0","0","4.8","1.1","--","0","0","0","--","0:00","10.0","0:00","No","12:21.69","3","27.0","--","--","--","01:04:30","01:04:30","107","136"
Trail Running,2022-11-26 08:06:00,false,"Uscita Trail - In giro per la Maddalena","30.02","2,439","04:01:29","126","151","4.6","145","207","8:03","5:17","1,079","1,079","0.85","12.1","10.1","350","49.8% S / 50.2% D","--","0.0","0","0","0.0","0.0","--","0","0","0","--","0:00","14.0","0:00","No","00:08.35.4","31","25.0","30","17","42","03:59:32","04:01:29","140","852"
Cardio,2022-11-25 15:40:50,false,"Stretching e mobilizzazione total body","0.00","177","01:10:14","72","93","0.1","--","--","--","--","--","--","0.00","0.0","0.0","0","--","--","0.0","0","0","0.0","0.0","--","0","0","0","--","0:00","29.0","0:00","No","01:10:14.06.8","1","32.0","17","12","24","00:00:00","01:10:14","--","--"
Ciclismo indoor,2022-11-24 20:02:29,false,"Ciclismo indoor","23.39","359","01:05:05","99","112","1.0","--","--","21.6","--","--","--","0.00","0.0","0.0","0","--","--","0.0","0","0","0.0","0.0","--","0","0","0","--","0:00","29.0","0:00","No","01:05:04.64.3","1","33.0","25","15","34","00:00:00","01:05:05","--","--"
Cardio,2022-11-24 18:41:14,false,"Cardio","0.00","393","01:19:44","93","140","0.9","--","--","--","--","--","--","0.00","0.0","0.0","0","--","--","0.0","0","0","0.0","0.0","--","0","0","0","--","0:00","28.0","0:00","No","01:19:44.20.5","1","31.0","21","14","33","00:00:00","01:19:44","--","--"
Ellittica,2022-11-24 17:28:01,false,"Ellittica","11.99","507","01:05:02","113","128","2.0","99","158","11.1","--","--","--","0.00","0.0","0.0","0","--","--","0.0","0","0","0.0","0.0","--","0","0","0","--","0:00","29.0","0:00","No","01:05:02.38.8","1","34.0","28","17","36","00:00:00","01:05:02","--","--"
Nuoto in piscina,2022-11-23 19:52:53,false,"Nuoto - Stile libero","4,100","886","01:53:02","115","134","2.3","--","--","2:45","2:02","--","--","0.00","0.0","0.0","0","--","--","0.0","0","0","0.0","0.0","3076","60","27","0","--","0:00","0.0","0:00","No","01:53:01.81.2","1","0.0","--","--","--","01:53:02","01:53:53","--","--"
Cardio,2022-11-22 16:18:55,false,"Stretching","0.00","176","00:45:29","81","128","0.3","--","--","--","--","--","--","0.00","0.0","0.0","0","--","--","0.0","0","0","0.0","0.0","--","0","0","0","--","0:00","29.0","0:00","No","45:29.22.5","1","31.0","--","--","--","00:00:00","00:45:29","--","--"
Trail Running,2022-11-22 12:12:13,false,"2h corsa lenta con tratti al medio","24.41","1,777","02:13:40","138","155","5.0","167","178","5:29","4:13","60","61","1.09","9.2","10.2","263","49.8% S / 50.2% D","--","0.0","0","0","0.0","0.0","--","0","0","0","--","0:00","14.0","0:00","No","02:29.10.6","25","29.0","34","18","48","02:13:33","02:13:40","99","125"
Cardio,2022-11-21 19:26:41,false,"Cardio","0.00","389","01:32:12","87","124","0.4","--","--","--","--","--","--","0.00","0.0","0.0","0","--","--","0.0","0","0","0.0","0.0","--","0","0","0","--","0:00","29.0","0:00","No","01:32:12.39","1","32.0","21","12","31","00:00:00","01:32:12","--","--"
Ellittica,2022-11-21 18:16:30,false,"Ellittica","12.20","382","01:06:08","102","117","1.2","112","156","11.1","--","--","--","0.00","0.0","0.0","0","--","--","0.0","0","0","0.0","0.0","--","0","0","0","--","0:00","27.0","0:00","No","01:06:08.38.7","1","32.0","25","17","31","00:00:00","01:06:08","--","--"
Trail Running,2022-11-20 08:30:03,false,"Maddalena Urban Trail 22 km","21.60","1,985","03:05:14","137","167","4.5","142","240","8:35","4:50","1,024","1,019","0.82","13.4","10.5","348","49.7% S / 50.3% D","--","0.0","0","0","0.0","0.0","--","0","0","0","--","0:00","13.0","0:00","No","03:20.99","22","21.0","34","19","52","03:02:41","03:05:14","205","855"
Mountain bike,2022-11-19 09:09:02,false,"Castel Mella Mountain bike","40.52","862","02:22:18","109","151","2.1","--","--","17.1","39.5","188","184","0.00","0.0","0.0","0","--","--","0.0","0","0","16.4","1.6","--","0","0","0","--","0:00","13.0","0:00","No","00:55.22.7","6","26.0","25","13","42","02:19:41","02:22:18","106","197"
Cardio,2022-11-18 17:53:29,false,"Stretching","0.00","170","01:00:40","71","140","0.5","--","--","--","--","--","--","0.00","0.0","0.0","0","--","--","0.0","0","0","0.0","0.0","--","0","0","0","--","0:00","29.0","0:00","No","01:00:40.38.1","1","31.0","--","--","--","00:00:00","01:00:40","--","--"
Ciclismo indoor,2022-11-17 20:55:00,false,"Ciclismo indoor","20.04","442","00:50:13","119","132","2.1","--","--","23.9","--","--","--","0.00","0.0","0.0","0","--","--","0.0","109","0","0.0","0.0","--","0","0","0","--","0:00","30.0","0:00","No","50:13.36.6","1","32.0","28","14","38","00:00:00","00:50:13","--","--"
Cardio,2022-11-17 19:50:44,false,"Cardio","0.00","399","01:02:40","104","146","1.6","--","--","--","--","--","--","0.00","0.0","0.0","0","--","--","0.0","0","0","0.0","0.0","--","0","0","0","--","0:00","29.0","0:00","No","01:02:39.67.6","1","32.0","22","12","36","00:00:00","01:02:40","--","--"
Ellittica,2022-11-17 18:43:00,false,"Ellittica","12.73","683","01:05:08","127","147","3.1","136","246","11.7","--","--","--","0.00","0.0","0.0","0","--","--","0.0","124","0","0.0","0.0","--","0","0","0","--","0:00","28.0","0:00","No","01:05:08.49.2","1","34.0","30","15","40","00:00:00","01:05:08","--","--"
Nuoto in piscina,2022-11-16 19:57:18,false,"Nuoto - stile libero","3,775","820","01:47:11","108","133","2.1","--","--","2:50","0:58","--","--","0.00","0.0","0.0","0","--","--","0.0","0","0","0.0","0.0","2851","61","27","0","--","0:00","0.0","0:00","No","01:47:11.36.7","1","0.0","--","--","--","01:47:11","01:47:59","--","--"
Cardio,2022-11-15 17:53:33,false,"Building Balance Fundamentals - Core Stability - Stretching","0.00","183","00:47:16","81","129","0.4","--","--","--","--","--","--","0.00","0.0","0.0","0","--","--","0.0","0","0","0.0","0.0","--","0","0","0","--","0:00","28.0","0:00","No","47:15.75.2","1","31.0","--","--","--","00:00:00","00:47:16","--","--"
Trail Running,2022-11-15 10:48:29,false,"2h corsa lenta (10' Z1 + 70' Z2 + 10' 145bpm + 10' 150bpm + 10' 155bpm + de","22.71","1,684","02:13:59","136","157","4.7","164","173","5:54","4:53","57","56","1.03","10.2","10.6","272","50.0% S / 50.0% D","--","0.0","0","0","0.0","0.0","--","0","0","0","--","0:00","16.0","0:00","No","04:18.67.4","23","28.0","32","19","43","02:13:50","02:13:59","96","132"
Cardio,2022-11-14 14:29:35,false,"Lavoro arti superiori","0.00","296","01:16:52","84","118","0.3","--","--","--","--","--","--","0.00","0.0","0.0","0","--","--","0.0","0","0","0.0","0.0","--","0","0","0","--","0:00","26.0","0:00","No","01:16:52.47.7","1","31.0","20","13","28","00:00:00","01:16:52","--","--"
Mountain bike,2022-11-13 09:16:42,false,"Uscita MTB","37.75","1,217","02:18:40","129","177","4.6","--","--","16.3","40.6","593","588","0.00","0.0","0.0","0","--","--","0.0","0","0","57.2","1.2","--","0","0","0","--","0:00","19.0","0:00","No","20:37.39.4","5","27.0","--","--","--","02:17:25","02:18:40","2","272"
Trail Running,2022-11-12 08:06:14,false,"Uscita Trail","23.85","1,858","03:00:03","126","156","4.1","141","202","7:33","4:35","783","784","0.92","11.6","10.6","366","49.3% S / 50.7% D","--","0.0","0","0","0.0","0.0","--","0","0","0","--","0:00","17.0","0:00","No","05:02.35.9","24","26.0","30","19","43","02:58:08","03:00:03","138","868"
Cardio,2022-11-11 16:42:51,false,"Stretching","0.00","358","01:37:52","84","113","0.3","--","--","--","--","--","--","0.00","0.0","0.0","0","--","--","0.0","0","0","0.0","0.0","--","0","0","0","--","0:00","27.0","0:00","No","01:37:52.10.4","1","31.0","19","11","28","00:00:00","01:37:52","--","--"
Ciclismo indoor,2022-11-10 20:55:00,false,"Indoor Cycling","18.15","313","00:50:34","103","116","1.2","--","--","21.5","--","--","--","0.00","0.0","0.0","0","--","--","0.0","85","0","0.0","0.0","--","0","0","0","--","0:00","31.0","0:00","No","50:34.26.8","1","33.0","25","16","32","00:00:00","00:50:34","--","--"
Cardio,2022-11-10 19:38:59,false,"Cardio","0.00","396","01:13:12","98","138","1.1","--","--","--","--","--","--","0.00","0.0","0.0","0","--","--","0.0","0","0","0.0","0.0","--","0","0","0","--","0:00","29.0","0:00","No","01:13:12.01.7","1","32.0","22","12","32","00:00:00","01:13:12","--","--"
Ellittica,2022-11-10 18:29:00,false,"Riscaldamento - Ellittica","12.06","618","01:05:01","123","137","2.5","126","161","11.1","--","--","--","0.00","0.0","0.0","0","--","--","0.0","136","0","0.0","0.0","--","0","0","0","--","0:00","28.0","0:00","No","01:05:01.44","1","33.0","29","18","38","00:00:00","01:05:01","--","--"
Nuoto in piscina,2022-11-09 20:04:36,false,"Nuoto - stile libero","3,700","834","01:41:36","110","138","2.2","--","--","2:45","1:54","--","--","0.00","0.0","0.0","0","--","--","0.0","0","0","0.0","0.0","2766","60","27","0","--","0:00","0.0","0:00","No","01:41:35.99.6","1","0.0","--","--","--","01:41:36","01:42:28","--","--"
Trail Running,2022-11-08 19:34:01,false,"2h corsa lenta Z2 con tratti al medio","21.08","1,600","02:08:37","138","153","4.7","163","174","6:06","4:56","48","48","1.01","10.5","10.7","280","49.7% S / 50.3% D","--","0.0","0","0","0.0","0.0","--","0","0","0","--","0:00","18.0","0:00","No","00:27.19.4","22","28.0","31","19","41","02:08:31","02:08:37","102","123"
Cardio,2022-11-08 10:46:58,false,"Building Balance Fundamentals - Core Stability - Stretching","0.00","233","01:00:20","81","124","0.7","--","--","--","--","--","--","0.00","0.0","0.0","0","--","--","0.0","0","0","0.0","0.0","--","0","0","0","--","0:00","25.0","0:00","No","01:00:20.35.3","1","29.0","--","--","--","00:00:00","01:00:20","--","--"
Cardio,2022-11-07 17:26:02,false,"Lavoro arti superiori","0.00","804","01:32:26","123","167","3.6","--","--","--","--","--","--","0.00","0.0","0.0","0","--","--","0.0","0","0","0.0","0.0","--","0","0","0","--","0:00","24.0","0:00","No","01:32:25.59.4","1","30.0","--","--","--","00:00:00","01:32:26","--","--"
Mountain bike,2022-11-06 08:03:21,false,"Uscita MTB - recupero attivo","35.20","708","02:02:24","105","150","1.6","--","--","17.3","33.3","103","104","0.00","0.0","0.0","0","--","--","0.0","0","0","8.6","1.1","--","0","0","0","--","0:00","14.0","0:00","No","10:00.27","5","28.0","24","14","36","02:01:09","02:02:24","94","132"
Trail Running,2022-11-05 08:08:26,false,"Uscita Trail","16.66","1,707","03:00:16","129","149","4.1","124","208","10:49","5:26","901","906","0.73","13.9","9.7","408","49.4% S / 50.6% D","--","0.0","0","0","0.0","0.0","--","0","0","0","--","0:00","17.0","0:00","No","04:33.14.3","17","27.0","31","17","47","02:58:05","03:00:16","124","855"
Cardio,2022-11-04 18:23:13,false,"Stretching","0.00","75","00:30:36","68","103","0.1","--","--","--","--","--","--","0.00","0.0","0.0","0","--","--","0.0","0","0","0.0","0.0","--","0","0","0","--","0:00","28.0","0:00","No","30:36.17.2","1","30.0","--","--","--","00:00:00","00:30:36","--","--"
Cardio,2022-11-04 11:21:02,false,"Building Balance Fundamentals","0.00","508","01:00:05","114","147","2.5","--","--","--","--","--","--","0.00","0.0","0.0","0","--","--","0.0","0","0","0.0","0.0","--","0","0","0","--","0:00","27.0","0:00","No","01:00:05.38.1","1","29.0","--","--","--","00:00:00","01:00:05","--","--"
Cardio,2022-11-03 20:23:45,false,"Palestra - adattamento anatomico","0.00","363","01:13:05","94","137","1.1","--","--","--","--","--","--","0.00","0.0","0.0","0","--","--","0.0","0","0","0.0","0.0","--","0","0","0","--","0:00","30.0","0:00","No","01:13:05.47.5","1","32.0","21","11","31","00:00:00","01:13:05","--","--"
Ellittica,2022-11-03 19:13:19,false,"Riscaldamento - Ellittica","0.00","504","01:05:01","114","126","2.1","134","156","--","--","--","--","0.00","0.0","0.0","0","--","--","0.0","0","0","0.0","0.0","--","0","0","0","--","0:00","28.0","0:00","No","01:05:01.13.5","1","33.0","27","18","38","00:00:00","01:05:01","--","--"
Nuoto in piscina,2022-11-02 19:57:12,false,"Nuoto - stile libero","3,650","875","01:40:39","108","127","2.0","--","--","2:46","2:00","--","--","0.00","0.0","0.0","0","--","--","0.0","0","0","0.0","0.0","2594","59","26","0","--","0:00","0.0","0:00","No","01:40:39.03","1","0.0","--","--","--","01:40:39","01:41:49","--","--"
Cardio,2022-11-02 11:31:11,false,"Building Balance Fundamentals - Core Stability","0.00","478","01:03:44","111","157","2.6","--","--","--","--","--","--","0.00","0.0","0.0","0","--","--","0.0","0","0","0.0","0.0","--","0","0","0","--","0:00","26.0","0:00","No","01:03:44.15.3","1","30.0","--","--","--","00:00:00","01:03:44","--","--"
Trail Running,2022-11-01 19:04:25,false,"2h corsa lenta Z2 con tratti al medio","21.55","1,615","02:07:27","134","151","5.0","164","169","5:55","4:49","49","49","1.03","10.2","10.7","273","50.2% S / 49.8% D","--","0.0","0","0","0.0","0.0","--","0","0","0","--","0:00","21.0","0:00","No","03:24.15.8","22","29.0","31","19","41","02:07:17","02:07:27","103","122"
Ellittica,2022-10-31 17:22:45,false,"Ellittica","0.00","351","01:00:13","102","119","1.6","79","159","--","--","--","--","0.00","0.0","0.0","0","--","--","0.0","0","0","0.0","0.0","--","0","0","0","--","0:00","30.0","0:00","No","01:00:13.42","1","33.0","--","--","--","00:00:00","01:00:13","--","--"
Ellittica,2022-10-30 07:15:46,false,"Ellittica","0.00","377","01:02:05","104","114","1.7","102","159","--","--","--","--","0.00","0.0","0.0","0","--","--","0.0","0","0","0.0","0.0","--","0","0","0","--","0:00","29.0","0:00","No","01:02:05.21.8","1","31.0","--","--","--","00:00:00","01:02:05","--","--"
Trail Running,2022-10-29 08:45:00,false,"Castel Mella Trail Running","16.14","1,240","01:42:07","135","147","4.2","164","173","6:20","4:47","43","42","0.97","10.9","10.7","277","50.2% S / 49.8% D","--","0.0","0","0","0.0","0.0","--","0","0","0","--","0:00","19.0","0:00","No","00:57.10.8","17","27.0","30","22","37","01:42:01","01:42:07","100","124"
Cardio,2022-10-28 15:31:08,false,"Building Balance Fundamentals - Core Stability","0.00","290","01:15:09","81","130","0.9","--","--","--","--","--","--","0.00","0.0","0.0","0","--","--","0.0","0","0","0.0","0.0","--","0","0","0","--","0:00","29.0","0:00","No","01:15:09.22.1","1","31.0","--","--","--","00:00:00","01:15:09","--","--"
Cardio,2022-10-27 20:19:50,false,"Palestra - adattamento anatomico","0.00","480","01:30:05","98","139","1.3","--","--","--","--","--","--","0.00","0.0","0.0","0","--","--","0.0","0","0","0.0","0.0","--","0","0","0","--","0:00","30.0","0:00","No","01:30:05.08.8","1","33.0","22","14","32","00:00:00","01:30:05","--","--"
Ellittica,2022-10-27 19:10:22,false,"Riscaldamento - Ellittica","0.00","576","01:05:03","121","136","2.4","117","227","--","--","--","--","0.00","0.0","0.0","0","--","--","0.0","0","0","0.0","0.0","--","0","0","0","--","0:00","31.0","0:00","No","01:05:02.58.5","1","32.0","27","15","34","00:00:00","01:05:03","--","--"
Nuoto in piscina,2022-10-26 20:00:45,false,"Nuoto - stile libero","3,225","772","01:30:58","105","120","2.0","--","--","2:49","1:09","--","--","0.00","0.0","0.0","0","--","--","0.0","0","0","0.0","0.0","2402","61","26","0","--","0:00","0.0","0:00","No","01:30:57.98.4","1","0.0","--","--","--","01:30:58","01:32:05","--","--"
Cardio,2022-10-26 11:50:20,false,"Building Balance Fundamentals - Core Stability","0.00","231","01:00:32","81","128","0.6","--","--","--","--","--","--","0.00","0.0","0.0","0","--","--","0.0","0","0","0.0","0.0","--","0","0","0","--","0:00","29.0","0:00","No","01:00:32.27","1","31.0","--","--","--","00:00:00","01:00:32","--","--"
Trail Running,2022-10-25 20:00:36,false,"Sterrato 80 min z2 10 min z3 15 min z2","16.21","1,270","01:45:34","134","147","4.1","162","172","6:31","5:19","40","37","0.95","11.2","10.8","280","50.2% S / 49.8% D","--","0.0","0","0","0.0","0.0","--","0","0","0","--","0:00","22.0","0:00","No","01:24.58.7","17","30.0","30","19","40","01:45:26","01:45:34","106","124"
Cardio,2022-10-25 15:12:49,false,"Stretching","0.00","99","00:35:41","71","106","0.1","--","--","--","--","--","--","0.00","0.0","0.0","0","--","--","0.0","0","0","0.0","0.0","--","0","0","0","--","0:00","30.0","0:00","No","35:41.23.6","1","32.0","--","--","--","00:00:00","00:35:41","--","--"
Cardio,2022-10-24 18:32:56,false,"Allungamento Muscolare","0.00","299","01:05:36","85","139","1.3","--","--","--","--","--","--","0.00","0.0","0.0","0","--","--","0.0","0","0","0.0","0.0","--","0","0","0","--","0:00","29.0","0:00","No","01:05:35.67.9","1","32.0","--","--","--","00:00:00","01:05:36","--","--"
Cardio,2022-10-23 17:29:21,false,"Building Balance Fundamentals - Core Stability","0.00","361","01:02:49","96","148","2.0","--","--","--","--","--","--","0.00","0.0","0.0","0","--","--","0.0","0","0","0.0","0.0","--","0","0","0","--","0:00","29.0","0:00","No","01:02:48.97.4","1","32.0","--","--","--","00:00:00","01:02:49","--","--"
Mountain bike,2022-10-23 10:46:42,false,"Uscita MTB - Sforzo Leggero","24.43","716","01:11:47","126","143","3.0","--","--","20.4","27.4","60","59","0.00","0.0","0.0","0","--","--","0.0","0","0","5.2","1.1","--","0","0","0","--","0:00","23.0","0:00","No","00:46.94.4","4","29.0","29","19","38","01:11:37","01:11:47","102","127"
Trail Running,2022-10-22 09:31:33,false,"Sterrato 90 min Z2","13.32","1,050","01:34:46","135","144","3.5","163","173","7:07","5:20","33","30","0.87","11.6","10.1","286","50.2% S / 49.8% D","--","0.0","0","0","0.0","0.0","--","0","0","0","--","0:00","24.0","0:00","No","02:21.36","14","30.0","29","22","38","01:34:37","01:34:46","108","122"
Cardio,2022-10-21 18:33:02,false,"Building Balance Fundamentals - Core Stability","0.00","170","00:47:39","81","103","0.2","--","--","--","--","--","--","0.00","0.0","0.0","0","--","--","0.0","0","0","0.0","0.0","--","0","0","0","--","0:00","30.0","0:00","No","47:38.93.9","1","31.0","18","12","25","00:00:00","00:47:39","--","--"
Cardio,2022-10-20 20:19:37,false,"Palestra - adattamento anatomico","0.00","343","01:04:12","98","137","1.4","--","--","--","--","--","--","0.00","0.0","0.0","0","--","--","0.0","0","0","0.0","0.0","--","0","0","0","--","0:00","31.0","0:00","No","01:04:11.55","1","32.0","20","11","33","00:00:00","01:04:12","--","--"
Ellittica,2022-10-20 19:10:54,false,"Riscaldamento - Ellittica","0.00","564","01:02:01","123","135","2.4","123","157","--","--","--","--","0.00","0.0","0.0","0","--","--","0.0","0","0","0.0","0.0","--","0","0","0","--","0:00","30.0","0:00","No","01:02:00.67.4","1","32.0","25","17","33","00:00:00","01:02:01","--","--"
Nuoto in piscina,2022-10-19 20:16:32,false,"Nuoto - stile libero","2,875","694","01:21:01","104","128","1.7","--","--","2:49","1:00","--","--","0.00","0.0","0.0","0","--","--","0.0","0","0","0.0","0.0","2053","60","25","0","--","0:00","0.0","0:00","No","00:05.02.1","4","0.0","--","--","--","01:20:56","01:23:56","--","--"
Trail Running,2022-10-18 19:19:51,false,"Corsetta 90 min Z2","13.30","1,063","01:34:43","133","148","3.4","160","175","7:07","4:56","28","26","0.88","11.6","10.3","291","50.3% S / 49.7% D","--","0.0","0","0","0.0","0.0","--","0","0","0","--","0:00","24.0","0:00","No","02:16.16.2","14","30.0","29","23","38","01:34:35","01:34:43","108","123"
Cardio,2022-10-17 16:01:03,false,"Allungamento Muscolare","0.00","115","00:40:23","71","100","0.1","--","--","--","--","--","--","0.00","0.0","0.0","0","--","--","0.0","0","0","0.0","0.0","--","0","0","0","--","0:00","29.0","0:00","No","40:22.89.3","1","31.0","--","--","--","00:00:00","00:40:23","--","--"
Cardio,2022-10-16 11:35:09,false,"Plank & Core","0.00","187","00:40:12","89","130","0.7","--","--","--","--","--","--","0.00","0.0","0.0","0","--","--","0.0","0","0","0.0","0.0","--","0","0","0","--","0:00","28.0","0:00","No","40:11.69.1","1","30.0","--","--","--","00:00:00","00:40:12","--","--"
Trail Running,2022-10-15 09:44:31,false,"Sterrato - 70 min z2","11.72","864","01:18:25","134","141","3.5","163","175","6:42","5:31","28","27","0.92","11.1","10.3","281","50.0% S / 50.0% D","--","0.0","0","0","0.0","0.0","--","0","0","0","--","0:00","24.0","0:00","No","04:59.98","12","29.0","30","23","36","01:18:22","01:18:25","107","123"
Cardio,2022-10-14 16:20:16,false,"Building Balance Fundamentals - Core Stability","0.00","195","00:45:50","86","120","0.6","--","--","--","--","--","--","0.00","0.0","0.0","0","--","--","0.0","0","0","0.0","0.0","--","0","0","7","1","0:00","29.0","0:00","No","45:50.12","1","32.0","--","--","--","00:45:50","00:45:50","--","--"
Potenziamento,2022-10-13 20:47:00,false,"Palestra - adattamento anatomico","0.00","284","01:04:10","89","115","0.5","--","--","--","--","--","--","0.00","0.0","0.0","0","--","--","0.0","0","0","0.0","0.0","--","0","0","7","1","0:00","31.0","0:00","No","01:04:10.34.7","1","33.0","--","--","--","01:04:10","01:04:10","--","--"
Ellittica,2022-10-13 19:55:00,false,"Riscaldamento - Ellittica","7.03","299","00:48:36","104","125","1.5","113","135","8.7","--","--","--","0.00","0.0","0.0","0","--","--","0.0","108","0","0.0","0.0","--","0","0","0","--","0:00","30.0","0:00","No","48:35.59.1","1","32.0","--","--","--","00:00:00","00:48:36","--","--"
Nuoto in piscina,2022-10-12 20:00:59,false,"Nuoto - stile libero","2,075","420","00:58:21","110","131","2.0","--","--","2:49","0:58","--","--","0.00","0.0","0.0","0","--","--","0.0","0","0","0.0","0.0","1516","60","26","0","--","0:00","0.0","0:00","No","58:21.15.3","1","0.0","--","--","--","00:58:21","00:59:20","--","--"
Trail Running,2022-10-11 18:56:36,false,"Castel Mella Trail Running","9.37","686","01:03:07","131","141","3.3","163","173","6:44","5:12","24","24","0.91","11.1","10.3","284","50.5% S / 49.5% D","--","0.0","0","0","0.0","0.0","--","0","0","0","--","0:00","24.0","0:00","No","02:42.46","10","29.0","31","21","39","01:03:03","01:03:07","107","122"
Cardio,2022-10-10 18:30:00,false,"Allungamento muscolare","0.00","292","00:35:00","0","0","--","--","--","--","--","--","--","0.00","0.0","0.0","0","--","--","0.0","0","0","0.0","0.0","--","0","0","0","--","0:00","0.0","0:00","No","35:00.00","1","0.0","--","--","--","00:00:00","00:35:00","--","--"
Ultramaratona,2022-09-13 21:00:38,false,"TOR130 - Tot Dret - 2022","140.07","14,945","40:52:47","110","158","5.0","62","252","17:30","1:12","9,413","9,556","1.46","0.0","0.0","0","--","1:55","0.0","0","0","0.0","0.0","--","0","0","0","--","0:00","14.0","0:00","No","00:01.29.1","150","34.0","--","--","--","27:12:44","40:52:51","1,164","2,918"
Trail Running,2022-09-07 17:32:52,false,"Brescia Trail Running","25.20","2,552","04:14:40","132","161","5.0","101","249","10:06","5:18","1,354","1,352","1.01","0.0","0.0","0","--","--","0.0","0","0","0.0","0.0","--","0","0","0","--","0:00","26.0","0:00","No","01:21.50.1","26","35.0","--","--","--","00:00:00","04:14:40","136","796"
Mountain bike,2022-09-07 12:45:02,false,"Castel Mella Mountain bike","30.72","917","01:25:14","132","164","3.7","--","--","21.6","35.8","189","191","0.00","0.0","0.0","0","--","--","0.0","0","0","14.3","1.3","--","0","0","0","--","0:00","28.0","0:00","No","17:15.96.7","4","33.0","--","--","--","01:24:52","01:25:14","91","131"
Mountain bike,2022-09-01 17:38:39,false,"Castel Mella Mountain bike","43.55","1,398","02:41:44","128","164","5.0","--","--","16.2","46.7","750","747","0.00","0.0","0.0","0","--","--","0.0","0","0","78.2","1.6","--","0","0","0","--","0:00","22.0","0:00","No","07:48.85","6","32.0","--","--","--","02:36:42","02:42:32","106","785"
Mountain bike,2022-08-31 17:55:08,false,"Castel Mella Mountain bike","30.23","602","01:42:28","104","142","2.2","--","--","17.7","36.2","92","96","0.00","0.0","0.0","0","--","--","0.0","0","0","9.5","1.4","--","0","0","0","--","0:00","28.0","0:00","No","18:14.50.4","4","33.0","--","--","--","01:38:13","01:42:28","95","132"
Ultramaratona,2022-08-26 18:26:24,false,"Gressoney-Saint-Jean Ultramaratona","70.58","7,703","20:43:20","109","154","5.0","60","252","17:37","5:36","4,877","4,621","1.40","0.0","0.0","0","--","1:36:20","0.0","0","0","0.0","0.0","--","0","0","0","--","0:00","11.0","0:00","No","00:01.04.2","80","33.0","--","--","--","00:00:00","20:43:31","1,390","2,775"
Trail Running,2022-08-20 15:17:17,false,"Courmayeur Trail Running","3.59","470","01:21:40","104","159","2.2","49","237","22:44","4:38","173","167","0.91","0.0","0.0","0","--","--","0.0","0","0","0.0","0.0","--","0","0","0","--","0:00","23.0","0:00","No","14:22.62.4","4","31.0","--","--","--","00:43:48","01:21:40","2,007","2,070"
Trail Running,2022-08-20 08:47:13,false,"Saint-Rhémy-en-Bosses Trail Running","7.75","1,160","04:14:56","90","133","2.0","54","233","32:56","9:21","396","947","0.56","0.0","0.0","0","--","--","0.0","0","0","0.0","0.0","--","0","0","0","--","0:00","14.0","0:00","No","16:46.62.7","8","29.0","--","--","--","02:12:22","04:26:59","2,031","2,918"
Trail Running,2022-08-19 10:04:08,false,"Saint-Rhémy-en-Bosses Trail Running","13.56","2,025","05:16:07","107","150","3.6","72","239","23:19","6:35","1,235","311","0.60","0.0","0.0","0","--","--","0.0","0","0","0.0","0.0","--","0","0","0","--","0:00","16.0","0:00","No","10:55.83.5","14","28.0","--","--","--","03:23:57","05:16:07","1,603","2,551"
Trail Running,2022-08-17 16:56:04,false,"Brescia Trail Running","7.15","582","01:46:41","91","120","1.2","73","225","14:55","9:52","269","270","1.01","0.0","0.0","0","--","--","0.0","0","0","0.0","0.0","--","0","0","0","--","0:00","30.0","0:00","No","02:02.11","8","33.0","--","--","--","01:25:48","01:46:41","632","857"
Trail Running,2022-08-09 10:58:41,false,"Siniscola Trail Running","12.02","1,009","01:52:59","126","158","3.6","118","250","9:24","5:23","365","362","0.90","0.0","0.0","0","--","--","0.0","0","0","0.0","0.0","--","0","0","0","--","0:00","32.0","0:00","No","00:06.13.3","13","37.0","--","--","--","01:51:53","01:56:45","-4","162"
Trail Running,2022-07-30 11:12:03,false,"La Spezia Trail Running","26.47","1,796","03:42:11","117","163","5.0","129","188","8:24","4:47","504","540","0.92","0.0","0.0","0","--","--","0.0","0","0","0.0","0.0","--","0","0","0","--","0:00","30.0","0:00","No","04:25.74.2","27","35.0","--","--","--","03:40:15","03:46:12","5","271"
Trail Running,2022-07-08 16:00:08,false,"Vielha E Mijaran Trail Running","105.03","10,228","25:56:12","112","168","5.0","66","250","14:49","1:19","6,825","5,951","1.75","0.0","0.0","0","--","--","0.0","0","0","0.0","0.0","--","0","0","0","--","0:00","17.0","0:00","No","02:15.66.4","106","36.0","--","--","--","19:28:08","25:56:12","610","2,540"
Trail Running,2022-07-04 18:25:20,false,"Vielha E Mijaran Trail Running","14.74","1,183","02:07:57","129","172","3.7","124","247","8:41","5:05","609","594","0.93","0.0","0.0","0","--","--","0.0","0","0","0.0","0.0","--","0","0","0","--","0:00","19.0","0:00","No","04:40.19.9","15","32.0","--","--","--","02:01:56","02:07:58","972","1,450"
Cardio,2022-06-28 19:52:36,false,"Cardio","0.00","196","00:40:55","89","117","0.3","--","--","--","--","--","--","0.00","0.0","0.0","0","--","--","0.0","0","0","0.0","0.0","--","0","0","0","--","0:00","30.0","0:00","No","40:55.01.7","1","33.0","--","--","--","00:00:00","00:40:55","--","--"
Corsa su tapis roulant,2022-06-28 18:15:00,false,"Corsa su tapis roulant","10.14","900","01:34:01","121","166","3.3","116","239","9:16","5:04","--","--","0.93","0.0","0.0","0","--","--","0.0","0","0","0.0","0.0","--","0","0","0","--","0:00","29.0","0:00","No","04:52.95.1","7","32.0","--","--","--","01:32:03","01:34:01","--","--"
Trail Running,2022-06-24 22:59:51,false,"LUT - Lavaredo Ultra Trail","120.22","10,090","24:19:55","112","155","5.0","93","250","12:09","4:53","5,712","5,708","1.00","0.0","0.0","0","--","--","0.0","0","0","0.0","0.0","--","0","0","0","--","0:00","12.0","0:00","No","05:57.04.2","121","33.0","--","--","--","20:53:28","24:19:55","1,213","2,444"
Trail Running,2022-06-22 17:10:51,false,"Auronzo di Cadore Trail Running","20.21","1,520","03:10:20","112","137","3.4","124","232","9:25","5:26","816","808","0.85","12.1","10.2","425","50.1% S / 49.9% D","--","0.0","0","0","0.0","0.0","--","0","0","0","--","0:00","15.0","0:00","No","01:49.84.5","21","30.0","26","13","40","03:03:53","03:10:20","1,751","2,353"
Cardio,2022-06-20 19:02:57,false,"Cardio","0.00","182","00:39:31","86","119","0.3","--","--","--","--","--","--","0.00","0.0","0.0","0","--","--","0.0","0","0","0.0","0.0","--","0","0","0","--","0:00","30.0","0:00","No","39:30.86.6","1","33.0","--","--","--","00:00:00","00:39:31","--","--"
Corsa su tapis roulant,2022-06-20 18:06:44,false,"Corsa su tapis roulant","6.76","370","00:52:27","111","164","2.3","118","239","7:45","4:01","--","--","1.09","0.0","0.0","0","--","--","0.0","0","0","0.0","0.0","--","0","0","0","--","0:00","29.0","0:00","No","02:55.27.6","5","31.0","--","--","--","00:51:53","00:52:27","--","--"
Trail Running,2022-06-20 11:29:57,false,"Castel Mella Trail Running","17.53","1,246","01:54:14","129","145","4.0","153","186","6:31","4:49","48","48","1.00","10.2","10.3","315","49.8% S / 50.2% D","--","0.0","0","0","0.0","0.0","--","0","0","0","--","0:00","31.0","0:00","No","03:13.82.4","18","35.0","30","19","40","01:53:11","01:54:14","96","125"
Trail Running,2022-06-12 15:56:52,false,"Castel Mella Trail Running","25.43","1,815","02:36:48","135","148","4.6","163","173","6:10","4:44","88","84","1.00","10.1","10.2","271","49.9% S / 50.1% D","--","0.0","0","0","0.0","0.0","--","0","0","0","--","0:00","29.0","0:00","No","02:31.02.4","26","34.0","31","20","43","02:36:35","02:38:17","94","131"
Cardio,2022-06-11 15:28:36,false,"Cardio","0.00","769","02:06:02","101","147","2.3","--","--","--","--","--","--","0.00","0.0","0.0","0","--","--","0.0","0","0","0.0","0.0","--","0","0","0","--","0:00","30.0","0:00","No","02:06:02.08.4","1","33.0","--","--","--","00:00:00","02:06:02","--","--"
Corsa su tapis roulant,2022-06-11 13:49:04,false,"Corsa su tapis roulant","8.78","550","01:35:40","96","173","2.3","116","240","10:54","3:45","--","--","0.79","0.0","0.0","0","--","--","0.0","0","0","0.0","0.0","--","0","0","0","--","0:00","30.0","0:00","No","06:32.02.7","6","32.0","--","--","--","01:33:38","01:35:40","--","--"
Corsa,2022-06-10 06:29:13,false,"Rimini Corsa","5.76","425","00:35:11","132","145","3.0","162","226","6:07","3:09","7","8","1.02","10.0","10.4","271","49.9% S / 50.1% D","--","0.0","0","0","0.0","0.0","--","0","0","0","--","0:00","20.0","0:00","No","05:21.39.9","4","29.0","31","19","38","00:34:13","00:35:11","-1","3"
Trail Running,2022-06-07 19:29:44,false,"Gandino Trail Running","18.41","1,540","03:36:35","110","140","3.0","110","241","11:46","5:32","982","974","0.77","12.5","9.5","432","49.9% S / 50.1% D","--","0.0","0","0","0.0","0.0","--","0","0","0","--","0:00","12.0","0:00","No","02:58.34.5","19","31.0","26","12","40","03:13:04","03:36:35","524","1,370"
Trail Running,2022-06-06 19:33:56,false,"Castel Mella Trail Running","18.91","1,331","01:55:27","129","141","3.9","163","169","6:06","5:06","45","43","1.00","10.5","10.6","269","50.2% S / 49.8% D","--","0.0","0","0","0.0","0.0","--","0","0","0","--","0:00","28.0","0:00","No","05:28.18.6","19","33.0","34","19","40","01:55:18","01:55:27","94","120"
Cardio,2022-06-03 09:59:07,false,"Cardio","0.00","708","02:07:39","94","158","2.2","--","--","--","--","--","--","0.00","0.0","0.0","0","--","--","0.0","0","0","0.0","0.0","--","0","0","0","--","0:00","29.0","0:00","No","02:07:38.90.3","1","32.0","--","--","--","00:00:00","02:07:39","--","--"
Corsa su tapis roulant,2022-06-03 08:12:10,false,"Corsa su tapis roulant","11.80","396","01:44:32","82","93","0.2","113","150","8:52","7:40","--","--","1.00","0.0","0.0","0","--","--","0.0","0","0","0.0","0.0","--","0","0","0","--","0:00","27.0","0:00","No","06:10.84.2","8","31.0","--","--","--","01:41:35","01:44:32","--","--"
Trail Running,2022-06-02 11:53:52,false,"Brescia Trail Running","22.51","2,415","04:56:34","115","147","4.7","105","213","13:11","6:02","1,436","1,438","0.72","14.1","9.8","529","50.2% S / 49.8% D","--","0.0","0","0","0.0","0.0","--","0","0","0","--","0:00","22.0","0:00","No","05:04.53.2","23","37.0","29","15","65","04:43:24","05:01:29","133","810"
Trail Running,2022-06-01 15:48:03,false,"Castel Mella Trail Running","27.68","1,965","02:58:37","129","141","4.3","164","170","6:27","4:56","120","115","0.94","10.7","10.2","275","50.9% S / 49.1% D","--","0.0","0","0","0.0","0.0","--","0","0","0","--","0:00","27.0","0:00","No","04:24.91.1","28","33.0","34","21","43","02:58:23","03:00:43","93","127"
Cardio,2022-05-28 09:53:19,false,"Cardio","0.00","124","00:31:21","81","112","0.2","--","--","--","--","--","--","0.00","0.0","0.0","0","--","--","0.0","0","0","0.0","0.0","--","0","0","0","--","0:00","31.0","0:00","No","31:20.89.2","1","32.0","--","--","--","00:00:00","00:31:21","--","--"
Corsa su tapis roulant,2022-05-28 08:15:28,false,"Corsa su tapis roulant","11.90","370","01:34:54","83","93","0.2","113","231","7:58","6:27","--","--","1.10","0.0","0.0","0","--","--","0.0","0","0","0.0","0.0","--","0","0","0","--","0:00","30.0","0:00","No","06:28.24","8","31.0","--","--","--","01:33:15","01:34:54","--","--"
Trail Running,2022-05-27 17:27:49,false,"Brescia Trail Running","25.70","2,496","04:48:15","118","147","4.9","114","204","11:13","5:33","1,387","1,381","0.75","14.1","10.1","462","50.4% S / 49.6% D","--","0.0","0","0","0.0","0.0","--","0","0","0","--","0:00","23.0","0:00","No","06:13.61.3","26","37.0","29","16","51","04:46:09","04:52:58","132","800"
Cardio,2022-05-26 19:11:00,false,"Cardio","0.00","568","01:57:01","90","130","1.2","--","--","--","--","--","--","0.00","0.0","0.0","0","--","--","0.0","0","0","0.0","0.0","--","0","0","0","--","0:00","30.0","0:00","No","01:57:00.85.6","1","32.0","--","--","--","00:00:00","01:57:01","--","--"
Corsa su tapis roulant,2022-05-26 17:34:15,false,"Corsa su tapis roulant","10.03","403","01:33:10","89","104","0.7","115","165","9:17","6:54","--","--","0.93","0.0","0.0","0","--","--","0.0","0","0","0.0","0.0","--","0","0","0","--","0:00","29.0","0:00","No","05:41.73.3","7","31.0","--","--","--","01:30:29","01:33:10","--","--"
Trail Running,2022-05-25 18:52:57,false,"Castel Mella Trail Running","19.78","1,408","02:02:27","137","161","5.0","154","203","6:11","2:51","27","30","1.03","9.8","10.1","290","51.0% S / 49.0% D","--","0.0","0","0","0.0","0.0","--","0","0","0","--","0:00","25.0","0:00","No","04:48.53.7","20","32.0","32","18","46","02:02:18","02:05:27","101","114"
